name,activities,activity_name,activity_type,confidence,device_id,device_label,timestamp
plugin_google_activity_recognition,"[{""activity"":""still"",""confidence"":99},{""activity"":""unknown"",""confidence"":1}]",still,3,99,04bb5ab9-ce2f-4494-95df-be70c35f625d,168MR,1599782435999
plugin_google_activity_recognition,"[{""activity"":""still"",""confidence"":100}]",still,3,100,04bb5ab9-ce2f-4494-95df-be70c35f625d,168MR,1599783119345
plugin_google_activity_recognition,"[{""activity"":""tilting"",""confidence"":100}]",tilting,5,100,04bb5ab9-ce2f-4494-95df-be70c35f625d,168MR,1599783600531
plugin_google_activity_recognition,"[{""activity"":""unknown"",""confidence"":40},{""activity"":""in_vehicle"",""confidence"":10},{""activity"":""on_bicycle"",""confidence"":10},{""activity"":""on_foot"",""confidence"":10},{""activity"":""walking"",""confidence"":10},{""activity"":""running"",""confidence"":10},{""activity"":""still"",""confidence"":10}]",unknown,4,40,04bb5ab9-ce2f-4494-95df-be70c35f625d,168MR,1599783600623
plugin_google_activity_recognition,"[{""activity"":""unknown"",""confidence"":40},{""activity"":""in_vehicle"",""confidence"":10},{""activity"":""on_bicycle"",""confidence"":10},{""activity"":""on_foot"",""confidence"":10},{""activity"":""walking"",""confidence"":10},{""activity"":""running"",""confidence"":10},{""activity"":""still"",""confidence"":10}]",unknown,4,40,04bb5ab9-ce2f-4494-95df-be70c35f625d,168MR,1599783661018
plugin_google_activity_recognition,"[{""activity"":""tilting"",""confidence"":100}]",tilting,5,100,04bb5ab9-ce2f-4494-95df-be70c35f625d,168MR,1599783757499
plugin_google_activity_recognition,"[{""activity"":""still"",""confidence"":99},{""activity"":""unknown"",""confidence"":1}]",still,3,99,04bb5ab9-ce2f-4494-95df-be70c35f625d,168MR,1599783757565
plugin_google_activity_recognition,"[{""activity"":""still"",""confidence"":99},{""activity"":""unknown"",""confidence"":1}]",still,3,99,04bb5ab9-ce2f-4494-95df-be70c35f625d,168MR,1599783817988
plugin_google_activity_recognition,"[{""activity"":""still"",""confidence"":99},{""activity"":""unknown"",""confidence"":1}]",still,3,99,04bb5ab9-ce2f-4494-95df-be70c35f625d,168MR,1599783878303
plugin_google_activity_recognition,"[{""activity"":""still"",""confidence"":99},{""activity"":""unknown"",""confidence"":1}]",still,3,99,04bb5ab9-ce2f-4494-95df-be70c35f625d,168MR,1599783938550
plugin_google_activity_recognition,"[{""activity"":""still"",""confidence"":99},{""activity"":""unknown"",""confidence"":1}]",still,3,99,04bb5ab9-ce2f-4494-95df-be70c35f625d,168MR,1599783998853
plugin_google_activity_recognition,"[{""activity"":""still"",""confidence"":98},{""activity"":""unknown"",""confidence"":2}]",still,3,98,04bb5ab9-ce2f-4494-95df-be70c35f625d,168MR,1599784059183
plugin_google_activity_recognition,"[{""activity"":""still"",""confidence"":99},{""activity"":""unknown"",""confidence"":1}]",still,3,99,04bb5ab9-ce2f-4494-95df-be70c35f625d,168MR,1599784120500
plugin_google_activity_recognition,"[{""activity"":""still"",""confidence"":99},{""activity"":""unknown"",""confidence"":1}]",still,3,99,04bb5ab9-ce2f-4494-95df-be70c35f625d,168MR,1599784179889
plugin_google_activity_recognition,"[{""activity"":""still"",""confidence"":99},{""activity"":""unknown"",""confidence"":1}]",still,3,99,04bb5ab9-ce2f-4494-95df-be70c35f625d,168MR,1599784240089
plugin_google_activity_recognition,"[{""activity"":""still"",""confidence"":100}]",still,3,100,04bb5ab9-ce2f-4494-95df-be70c35f625d,168MR,1599784333439
plugin_google_activity_recognition,"[{""activity"":""still"",""confidence"":100}]",still,3,100,04bb5ab9-ce2f-4494-95df-be70c35f625d,168MR,1599784919638
plugin_google_activity_recognition,"[{""activity"":""still"",""confidence"":56},{""activity"":""in_vehicle"",""confidence"":21},{""activity"":""on_foot"",""confidence"":6},{""activity"":""walking"",""confidence"":6},{""activity"":""unknown"",""confidence"":2},{""activity"":""on_bicycle"",""confidence"":1}]",still,3,56,04bb5ab9-ce2f-4494-95df-be70c35f625d,168MR,1599787959722
plugin_google_activity_recognition,"[{""activity"":""still"",""confidence"":99},{""activity"":""unknown"",""confidence"":1}]",still,3,99,04bb5ab9-ce2f-4494-95df-be70c35f625d,168MR,1599788020135
plugin_google_activity_recognition,"[{""activity"":""unknown"",""confidence"":40},{""activity"":""in_vehicle"",""confidence"":10},{""activity"":""on_bicycle"",""confidence"":10},{""activity"":""on_foot"",""confidence"":10},{""activity"":""walking"",""confidence"":10},{""activity"":""running"",""confidence"":10},{""activity"":""still"",""confidence"":10}]",unknown,4,40,04bb5ab9-ce2f-4494-95df-be70c35f625d,168MR,1599791865524
plugin_google_activity_recognition,"[{""activity"":""unknown"",""confidence"":40},{""activity"":""in_vehicle"",""confidence"":10},{""activity"":""on_bicycle"",""confidence"":10},{""activity"":""on_foot"",""confidence"":10},{""activity"":""walking"",""confidence"":10},{""activity"":""running"",""confidence"":10},{""activity"":""still"",""confidence"":10}]",unknown,4,40,04bb5ab9-ce2f-4494-95df-be70c35f625d,168MR,1599791970492
plugin_google_activity_recognition,"[{""activity"":""unknown"",""confidence"":40},{""activity"":""in_vehicle"",""confidence"":10},{""activity"":""on_bicycle"",""confidence"":10},{""activity"":""on_foot"",""confidence"":10},{""activity"":""walking"",""confidence"":10},{""activity"":""running"",""confidence"":10},{""activity"":""still"",""confidence"":10}]",unknown,4,40,04bb5ab9-ce2f-4494-95df-be70c35f625d,168MR,1599792012535
plugin_google_activity_recognition,"[{""activity"":""still"",""confidence"":99},{""activity"":""unknown"",""confidence"":1}]",still,3,99,04bb5ab9-ce2f-4494-95df-be70c35f625d,168MR,1599792073773
plugin_google_activity_recognition,"[{""activity"":""still"",""confidence"":99},{""activity"":""unknown"",""confidence"":1}]",still,3,99,04bb5ab9-ce2f-4494-95df-be70c35f625d,168MR,1599792132978
plugin_google_activity_recognition,"[{""activity"":""still"",""confidence"":99},{""activity"":""unknown"",""confidence"":1}]",still,3,99,04bb5ab9-ce2f-4494-95df-be70c35f625d,168MR,1599792193340
plugin_google_activity_recognition,"[{""activity"":""still"",""confidence"":99},{""activity"":""unknown"",""confidence"":1}]",still,3,99,04bb5ab9-ce2f-4494-95df-be70c35f625d,168MR,1599792253933
plugin_google_activity_recognition,"[{""activity"":""still"",""confidence"":99},{""activity"":""unknown"",""confidence"":1}]",still,3,99,04bb5ab9-ce2f-4494-95df-be70c35f625d,168MR,1599792314302
plugin_google_activity_recognition,"[{""activity"":""still"",""confidence"":99},{""activity"":""unknown"",""confidence"":1}]",still,3,99,04bb5ab9-ce2f-4494-95df-be70c35f625d,168MR,1599792379090
plugin_google_activity_recognition,"[{""activity"":""still"",""confidence"":99},{""activity"":""unknown"",""confidence"":1}]",still,3,99,04bb5ab9-ce2f-4494-95df-be70c35f625d,168MR,1599792439792
plugin_google_activity_recognition,"[{""activity"":""still"",""confidence"":99},{""activity"":""unknown"",""confidence"":1}]",still,3,99,04bb5ab9-ce2f-4494-95df-be70c35f625d,168MR,1599792500339
plugin_google_activity_recognition,"[{""activity"":""still"",""confidence"":99},{""activity"":""unknown"",""confidence"":1}]",still,3,99,04bb5ab9-ce2f-4494-95df-be70c35f625d,168MR,1599792560645
plugin_google_activity_recognition,"[{""activity"":""still"",""confidence"":100}]",still,3,100,04bb5ab9-ce2f-4494-95df-be70c35f625d,168MR,1599793151428
plugin_google_activity_recognition,"[{""activity"":""tilting"",""confidence"":100}]",tilting,5,100,04bb5ab9-ce2f-4494-95df-be70c35f625d,168MR,1599801648262
plugin_google_activity_recognition,"[{""activity"":""still"",""confidence"":100}]",still,3,100,04bb5ab9-ce2f-4494-95df-be70c35f625d,168MR,1599801648316
plugin_google_activity_recognition,"[{""activity"":""still"",""confidence"":100}]",still,3,100,04bb5ab9-ce2f-4494-95df-be70c35f625d,168MR,1599808773437
plugin_google_activity_recognition,"[{""activity"":""still"",""confidence"":100}]",still,3,100,04bb5ab9-ce2f-4494-95df-be70c35f625d,168MR,1599822313408
plugin_google_activity_recognition,"[{""activity"":""still"",""confidence"":100}]",still,3,100,04bb5ab9-ce2f-4494-95df-be70c35f625d,168MR,1599822313601
plugin_google_activity_recognition,"[{""activity"":""tilting"",""confidence"":100}]",tilting,5,100,04bb5ab9-ce2f-4494-95df-be70c35f625d,168MR,1599822622505
plugin_google_activity_recognition,"[{""activity"":""still"",""confidence"":51},{""activity"":""in_vehicle"",""confidence"":16},{""activity"":""on_foot"",""confidence"":13},{""activity"":""walking"",""confidence"":13},{""activity"":""on_bicycle"",""confidence"":4},{""activity"":""unknown"",""confidence"":3}]",still,3,51,04bb5ab9-ce2f-4494-95df-be70c35f625d,168MR,1599822622536
plugin_google_activity_recognition,"[{""activity"":""tilting"",""confidence"":100}]",tilting,5,100,04bb5ab9-ce2f-4494-95df-be70c35f625d,168MR,1599822684565
plugin_google_activity_recognition,"[{""activity"":""still"",""confidence"":99},{""activity"":""unknown"",""confidence"":1}]",still,3,99,04bb5ab9-ce2f-4494-95df-be70c35f625d,168MR,1599822684621
plugin_google_activity_recognition,"[{""activity"":""tilting"",""confidence"":100}]",tilting,5,100,04bb5ab9-ce2f-4494-95df-be70c35f625d,168MR,1599822849232
plugin_google_activity_recognition,"[{""activity"":""unknown"",""confidence"":40},{""activity"":""in_vehicle"",""confidence"":10},{""activity"":""on_bicycle"",""confidence"":10},{""activity"":""on_foot"",""confidence"":10},{""activity"":""walking"",""confidence"":10},{""activity"":""running"",""confidence"":10},{""activity"":""still"",""confidence"":10}]",unknown,4,40,04bb5ab9-ce2f-4494-95df-be70c35f625d,168MR,1599822849278
plugin_google_activity_recognition,"[{""activity"":""on_foot"",""confidence"":51},{""activity"":""running"",""confidence"":51},{""activity"":""on_bicycle"",""confidence"":15},{""activity"":""walking"",""confidence"":15},{""activity"":""still"",""confidence"":11},{""activity"":""in_vehicle"",""confidence"":5},{""activity"":""unknown"",""confidence"":3}]",on_foot,2,51,04bb5ab9-ce2f-4494-95df-be70c35f625d,168MR,1599822909857
plugin_google_activity_recognition,"[{""activity"":""tilting"",""confidence"":100}]",tilting,5,100,04bb5ab9-ce2f-4494-95df-be70c35f625d,168MR,1599822968270
plugin_google_activity_recognition,"[{""activity"":""still"",""confidence"":42},{""activity"":""in_vehicle"",""confidence"":31},{""activity"":""on_foot"",""confidence"":13},{""activity"":""walking"",""confidence"":13},{""activity"":""on_bicycle"",""confidence"":2}]",still,3,42,04bb5ab9-ce2f-4494-95df-be70c35f625d,168MR,1599822968304
plugin_google_activity_recognition,"[{""activity"":""still"",""confidence"":59},{""activity"":""on_foot"",""confidence"":14},{""activity"":""walking"",""confidence"":14},{""activity"":""in_vehicle"",""confidence"":13},{""activity"":""unknown"",""confidence"":2},{""activity"":""on_bicycle"",""confidence"":1}]",still,3,59,04bb5ab9-ce2f-4494-95df-be70c35f625d,168MR,1599823034586
plugin_google_activity_recognition,"[{""activity"":""still"",""confidence"":61},{""activity"":""in_vehicle"",""confidence"":13},{""activity"":""on_foot"",""confidence"":10},{""activity"":""walking"",""confidence"":10},{""activity"":""on_bicycle"",""confidence"":2},{""activity"":""unknown"",""confidence"":1}]",still,3,61,04bb5ab9-ce2f-4494-95df-be70c35f625d,168MR,1599823077984
plugin_google_activity_recognition,"[{""activity"":""still"",""confidence"":60},{""activity"":""on_foot"",""confidence"":14},{""activity"":""walking"",""confidence"":14},{""activity"":""in_vehicle"",""confidence"":11},{""activity"":""on_bicycle"",""confidence"":3},{""activity"":""unknown"",""confidence"":2}]",still,3,60,04bb5ab9-ce2f-4494-95df-be70c35f625d,168MR,1599823087135
plugin_google_activity_recognition,"[{""activity"":""tilting"",""confidence"":100}]",tilting,5,100,04bb5ab9-ce2f-4494-95df-be70c35f625d,168MR,1599823148374
plugin_google_activity_recognition,"[{""activity"":""unknown"",""confidence"":40},{""activity"":""in_vehicle"",""confidence"":10},{""activity"":""on_bicycle"",""confidence"":10},{""activity"":""on_foot"",""confidence"":10},{""activity"":""walking"",""confidence"":10},{""activity"":""running"",""confidence"":10},{""activity"":""still"",""confidence"":10}]",unknown,4,40,04bb5ab9-ce2f-4494-95df-be70c35f625d,168MR,1599823148415
plugin_google_activity_recognition,"[{""activity"":""on_foot"",""confidence"":91},{""activity"":""walking"",""confidence"":91},{""activity"":""on_bicycle"",""confidence"":2},{""activity"":""running"",""confidence"":2},{""activity"":""still"",""confidence"":2},{""activity"":""in_vehicle"",""confidence"":1},{""activity"":""unknown"",""confidence"":1}]",on_foot,2,91,04bb5ab9-ce2f-4494-95df-be70c35f625d,168MR,1599823211039
plugin_google_activity_recognition,"[{""activity"":""on_foot"",""confidence"":85},{""activity"":""walking"",""confidence"":85},{""activity"":""still"",""confidence"":5},{""activity"":""on_bicycle"",""confidence"":3},{""activity"":""running"",""confidence"":3},{""activity"":""in_vehicle"",""confidence"":2},{""activity"":""unknown"",""confidence"":1}]",on_foot,2,85,04bb5ab9-ce2f-4494-95df-be70c35f625d,168MR,1599823272526
plugin_google_activity_recognition,"[{""activity"":""unknown"",""confidence"":40},{""activity"":""in_vehicle"",""confidence"":10},{""activity"":""on_bicycle"",""confidence"":10},{""activity"":""on_foot"",""confidence"":10},{""activity"":""walking"",""confidence"":10},{""activity"":""running"",""confidence"":10},{""activity"":""still"",""confidence"":10}]",unknown,4,40,04bb5ab9-ce2f-4494-95df-be70c35f625d,168MR,1599823333525
plugin_google_activity_recognition,"[{""activity"":""unknown"",""confidence"":40},{""activity"":""in_vehicle"",""confidence"":10},{""activity"":""on_bicycle"",""confidence"":10},{""activity"":""on_foot"",""confidence"":10},{""activity"":""walking"",""confidence"":10},{""activity"":""running"",""confidence"":10},{""activity"":""still"",""confidence"":10}]",unknown,4,40,04bb5ab9-ce2f-4494-95df-be70c35f625d,168MR,1599823394657
plugin_google_activity_recognition,"[{""activity"":""unknown"",""confidence"":40},{""activity"":""in_vehicle"",""confidence"":10},{""activity"":""on_bicycle"",""confidence"":10},{""activity"":""on_foot"",""confidence"":10},{""activity"":""walking"",""confidence"":10},{""activity"":""running"",""confidence"":10},{""activity"":""still"",""confidence"":10}]",unknown,4,40,04bb5ab9-ce2f-4494-95df-be70c35f625d,168MR,1599823456383
plugin_google_activity_recognition,"[{""activity"":""tilting"",""confidence"":100}]",tilting,5,100,04bb5ab9-ce2f-4494-95df-be70c35f625d,168MR,1599823491236
plugin_google_activity_recognition,"[{""activity"":""unknown"",""confidence"":40},{""activity"":""in_vehicle"",""confidence"":10},{""activity"":""on_bicycle"",""confidence"":10},{""activity"":""on_foot"",""confidence"":10},{""activity"":""walking"",""confidence"":10},{""activity"":""running"",""confidence"":10},{""activity"":""still"",""confidence"":10}]",unknown,4,40,04bb5ab9-ce2f-4494-95df-be70c35f625d,168MR,1599823491253
plugin_google_activity_recognition,"[{""activity"":""still"",""confidence"":99},{""activity"":""unknown"",""confidence"":1}]",still,3,99,04bb5ab9-ce2f-4494-95df-be70c35f625d,168MR,1599823551651
plugin_google_activity_recognition,"[{""activity"":""still"",""confidence"":95},{""activity"":""in_vehicle"",""confidence"":2},{""activity"":""on_foot"",""confidence"":1},{""activity"":""walking"",""confidence"":1},{""activity"":""unknown"",""confidence"":1}]",still,3,95,04bb5ab9-ce2f-4494-95df-be70c35f625d,168MR,1599823611951
plugin_google_activity_recognition,"[{""activity"":""still"",""confidence"":98},{""activity"":""in_vehicle"",""confidence"":1},{""activity"":""unknown"",""confidence"":1}]",still,3,98,04bb5ab9-ce2f-4494-95df-be70c35f625d,168MR,1599823672374
plugin_google_activity_recognition,"[{""activity"":""still"",""confidence"":72},{""activity"":""in_vehicle"",""confidence"":13},{""activity"":""on_foot"",""confidence"":7},{""activity"":""walking"",""confidence"":7},{""activity"":""unknown"",""confidence"":2}]",still,3,72,04bb5ab9-ce2f-4494-95df-be70c35f625d,168MR,1599823733909
plugin_google_activity_recognition,"[{""activity"":""still"",""confidence"":98},{""activity"":""in_vehicle"",""confidence"":1},{""activity"":""unknown"",""confidence"":1}]",still,3,98,04bb5ab9-ce2f-4494-95df-be70c35f625d,168MR,1599823794200
plugin_google_activity_recognition,"[{""activity"":""still"",""confidence"":98},{""activity"":""unknown"",""confidence"":2}]",still,3,98,04bb5ab9-ce2f-4494-95df-be70c35f625d,168MR,1599823855869
plugin_google_activity_recognition,"[{""activity"":""still"",""confidence"":87},{""activity"":""in_vehicle"",""confidence"":5},{""activity"":""on_foot"",""confidence"":2},{""activity"":""walking"",""confidence"":2},{""activity"":""unknown"",""confidence"":2}]",still,3,87,04bb5ab9-ce2f-4494-95df-be70c35f625d,168MR,1599823916170
plugin_google_activity_recognition,"[{""activity"":""tilting"",""confidence"":100}]",tilting,5,100,04bb5ab9-ce2f-4494-95df-be70c35f625d,168MR,1599823976600
plugin_google_activity_recognition,"[{""activity"":""on_foot"",""confidence"":83},{""activity"":""walking"",""confidence"":83},{""activity"":""still"",""confidence"":6},{""activity"":""on_bicycle"",""confidence"":4},{""activity"":""in_vehicle"",""confidence"":3},{""activity"":""unknown"",""confidence"":2},{""activity"":""running"",""confidence"":1}]",on_foot,2,83,04bb5ab9-ce2f-4494-95df-be70c35f625d,168MR,1599823976650
plugin_google_activity_recognition,"[{""activity"":""tilting"",""confidence"":100}]",tilting,5,100,04bb5ab9-ce2f-4494-95df-be70c35f625d,168MR,1599824036982
plugin_google_activity_recognition,"[{""activity"":""still"",""confidence"":99},{""activity"":""unknown"",""confidence"":1}]",still,3,99,04bb5ab9-ce2f-4494-95df-be70c35f625d,168MR,1599824037054
plugin_google_activity_recognition,"[{""activity"":""still"",""confidence"":99},{""activity"":""unknown"",""confidence"":1}]",still,3,99,04bb5ab9-ce2f-4494-95df-be70c35f625d,168MR,1599824099271
plugin_google_activity_recognition,"[{""activity"":""still"",""confidence"":99},{""activity"":""unknown"",""confidence"":1}]",still,3,99,04bb5ab9-ce2f-4494-95df-be70c35f625d,168MR,1599824159546
plugin_google_activity_recognition,"[{""activity"":""still"",""confidence"":99},{""activity"":""unknown"",""confidence"":1}]",still,3,99,04bb5ab9-ce2f-4494-95df-be70c35f625d,168MR,1599824220431
plugin_google_activity_recognition,"[{""activity"":""tilting"",""confidence"":100}]",tilting,5,100,04bb5ab9-ce2f-4494-95df-be70c35f625d,168MR,1599824280797
plugin_google_activity_recognition,"[{""activity"":""unknown"",""confidence"":40},{""activity"":""in_vehicle"",""confidence"":10},{""activity"":""on_bicycle"",""confidence"":10},{""activity"":""on_foot"",""confidence"":10},{""activity"":""walking"",""confidence"":10},{""activity"":""running"",""confidence"":10},{""activity"":""still"",""confidence"":10}]",unknown,4,40,04bb5ab9-ce2f-4494-95df-be70c35f625d,168MR,1599824280838
plugin_google_activity_recognition,"[{""activity"":""still"",""confidence"":99},{""activity"":""unknown"",""confidence"":1}]",still,3,99,04bb5ab9-ce2f-4494-95df-be70c35f625d,168MR,1599824341135
plugin_google_activity_recognition,"[{""activity"":""still"",""confidence"":99},{""activity"":""unknown"",""confidence"":1}]",still,3,99,04bb5ab9-ce2f-4494-95df-be70c35f625d,168MR,1599824401422
plugin_google_activity_recognition,"[{""activity"":""still"",""confidence"":99},{""activity"":""unknown"",""confidence"":1}]",still,3,99,04bb5ab9-ce2f-4494-95df-be70c35f625d,168MR,1599824463927
plugin_google_activity_recognition,"[{""activity"":""still"",""confidence"":99},{""activity"":""unknown"",""confidence"":1}]",still,3,99,04bb5ab9-ce2f-4494-95df-be70c35f625d,168MR,1599824524215
plugin_google_activity_recognition,"[{""activity"":""still"",""confidence"":99},{""activity"":""unknown"",""confidence"":1}]",still,3,99,04bb5ab9-ce2f-4494-95df-be70c35f625d,168MR,1599824584537
plugin_google_activity_recognition,"[{""activity"":""tilting"",""confidence"":100}]",tilting,5,100,04bb5ab9-ce2f-4494-95df-be70c35f625d,168MR,1599824689326
plugin_google_activity_recognition,"[{""activity"":""still"",""confidence"":99},{""activity"":""unknown"",""confidence"":1}]",still,3,99,04bb5ab9-ce2f-4494-95df-be70c35f625d,168MR,1599824689564
plugin_google_activity_recognition,"[{""activity"":""still"",""confidence"":99},{""activity"":""unknown"",""confidence"":1}]",still,3,99,04bb5ab9-ce2f-4494-95df-be70c35f625d,168MR,1599824749639
plugin_google_activity_recognition,"[{""activity"":""still"",""confidence"":99},{""activity"":""unknown"",""confidence"":1}]",still,3,99,04bb5ab9-ce2f-4494-95df-be70c35f625d,168MR,1599824810006
plugin_google_activity_recognition,"[{""activity"":""still"",""confidence"":98},{""activity"":""in_vehicle"",""confidence"":1},{""activity"":""on_foot"",""confidence"":1},{""activity"":""walking"",""confidence"":1}]",still,3,98,04bb5ab9-ce2f-4494-95df-be70c35f625d,168MR,1599824873628
plugin_google_activity_recognition,"[{""activity"":""still"",""confidence"":100}]",still,3,100,04bb5ab9-ce2f-4494-95df-be70c35f625d,168MR,1599825352419
plugin_google_activity_recognition,"[{""activity"":""still"",""confidence"":98},{""activity"":""in_vehicle"",""confidence"":1},{""activity"":""unknown"",""confidence"":1}]",still,3,98,04bb5ab9-ce2f-4494-95df-be70c35f625d,168MR,1599825932085
plugin_google_activity_recognition,"[{""activity"":""still"",""confidence"":100}]",still,3,100,04bb5ab9-ce2f-4494-95df-be70c35f625d,168MR,1599826740769
plugin_google_activity_recognition,"[{""activity"":""still"",""confidence"":100}]",still,3,100,04bb5ab9-ce2f-4494-95df-be70c35f625d,168MR,1599828194114
plugin_google_activity_recognition,"[{""activity"":""still"",""confidence"":100}]",still,3,100,04bb5ab9-ce2f-4494-95df-be70c35f625d,168MR,1599828247270
plugin_google_activity_recognition,"[{""activity"":""still"",""confidence"":48},{""activity"":""on_foot"",""confidence"":21},{""activity"":""walking"",""confidence"":21},{""activity"":""in_vehicle"",""confidence"":14},{""activity"":""on_bicycle"",""confidence"":7},{""activity"":""unknown"",""confidence"":2}]",still,3,48,04bb5ab9-ce2f-4494-95df-be70c35f625d,168MR,1599828403759
plugin_google_activity_recognition,"[{""activity"":""tilting"",""confidence"":100}]",tilting,5,100,04bb5ab9-ce2f-4494-95df-be70c35f625d,168MR,1599828464049
plugin_google_activity_recognition,"[{""activity"":""still"",""confidence"":99},{""activity"":""unknown"",""confidence"":1}]",still,3,99,04bb5ab9-ce2f-4494-95df-be70c35f625d,168MR,1599828464081
plugin_google_activity_recognition,"[{""activity"":""still"",""confidence"":100}]",still,3,100,04bb5ab9-ce2f-4494-95df-be70c35f625d,168MR,1599829855429
plugin_google_activity_recognition,"[{""activity"":""tilting"",""confidence"":100}]",tilting,5,100,04bb5ab9-ce2f-4494-95df-be70c35f625d,168MR,1599830966441
plugin_google_activity_recognition,"[{""activity"":""on_foot"",""confidence"":45},{""activity"":""running"",""confidence"":45},{""activity"":""walking"",""confidence"":28},{""activity"":""still"",""confidence"":8},{""activity"":""in_vehicle"",""confidence"":7},{""activity"":""on_bicycle"",""confidence"":7},{""activity"":""unknown"",""confidence"":2}]",on_foot,2,45,04bb5ab9-ce2f-4494-95df-be70c35f625d,168MR,1599830966583
plugin_google_activity_recognition,"[{""activity"":""still"",""confidence"":73},{""activity"":""on_foot"",""confidence"":16},{""activity"":""walking"",""confidence"":16},{""activity"":""in_vehicle"",""confidence"":7},{""activity"":""on_bicycle"",""confidence"":1},{""activity"":""unknown"",""confidence"":1}]",still,3,73,04bb5ab9-ce2f-4494-95df-be70c35f625d,168MR,1599831026906
plugin_google_activity_recognition,"[{""activity"":""still"",""confidence"":75},{""activity"":""on_foot"",""confidence"":15},{""activity"":""walking"",""confidence"":15},{""activity"":""in_vehicle"",""confidence"":5},{""activity"":""unknown"",""confidence"":3},{""activity"":""on_bicycle"",""confidence"":1}]",still,3,75,04bb5ab9-ce2f-4494-95df-be70c35f625d,168MR,1599831087159
plugin_google_activity_recognition,"[{""activity"":""still"",""confidence"":96},{""activity"":""on_foot"",""confidence"":3},{""activity"":""walking"",""confidence"":3},{""activity"":""in_vehicle"",""confidence"":1}]",still,3,96,04bb5ab9-ce2f-4494-95df-be70c35f625d,168MR,1599831147508
plugin_google_activity_recognition,"[{""activity"":""unknown"",""confidence"":40},{""activity"":""in_vehicle"",""confidence"":10},{""activity"":""on_bicycle"",""confidence"":10},{""activity"":""on_foot"",""confidence"":10},{""activity"":""walking"",""confidence"":10},{""activity"":""running"",""confidence"":10},{""activity"":""still"",""confidence"":10}]",unknown,4,40,04bb5ab9-ce2f-4494-95df-be70c35f625d,168MR,1599831207793
plugin_google_activity_recognition,"[{""activity"":""still"",""confidence"":80},{""activity"":""on_foot"",""confidence"":12},{""activity"":""walking"",""confidence"":12},{""activity"":""in_vehicle"",""confidence"":4},{""activity"":""unknown"",""confidence"":2},{""activity"":""on_bicycle"",""confidence"":1}]",still,3,80,04bb5ab9-ce2f-4494-95df-be70c35f625d,168MR,1599831275348
plugin_google_activity_recognition,"[{""activity"":""still"",""confidence"":57},{""activity"":""on_foot"",""confidence"":32},{""activity"":""walking"",""confidence"":32},{""activity"":""in_vehicle"",""confidence"":6},{""activity"":""on_bicycle"",""confidence"":1},{""activity"":""unknown"",""confidence"":1}]",still,3,57,04bb5ab9-ce2f-4494-95df-be70c35f625d,168MR,1599831335691
plugin_google_activity_recognition,"[{""activity"":""still"",""confidence"":98},{""activity"":""on_foot"",""confidence"":1},{""activity"":""walking"",""confidence"":1},{""activity"":""unknown"",""confidence"":1}]",still,3,98,04bb5ab9-ce2f-4494-95df-be70c35f625d,168MR,1599831395945
plugin_google_activity_recognition,"[{""activity"":""still"",""confidence"":59},{""activity"":""on_foot"",""confidence"":30},{""activity"":""walking"",""confidence"":30},{""activity"":""in_vehicle"",""confidence"":4},{""activity"":""unknown"",""confidence"":3},{""activity"":""on_bicycle"",""confidence"":1}]",still,3,59,04bb5ab9-ce2f-4494-95df-be70c35f625d,168MR,1599831456250
plugin_google_activity_recognition,"[{""activity"":""tilting"",""confidence"":100}]",tilting,5,100,04bb5ab9-ce2f-4494-95df-be70c35f625d,168MR,1599831520870
plugin_google_activity_recognition,"[{""activity"":""still"",""confidence"":84},{""activity"":""on_foot"",""confidence"":7},{""activity"":""walking"",""confidence"":7},{""activity"":""in_vehicle"",""confidence"":4},{""activity"":""on_bicycle"",""confidence"":2},{""activity"":""unknown"",""confidence"":2}]",still,3,84,04bb5ab9-ce2f-4494-95df-be70c35f625d,168MR,1599831521032
plugin_google_activity_recognition,"[{""activity"":""still"",""confidence"":99},{""activity"":""unknown"",""confidence"":1}]",still,3,99,04bb5ab9-ce2f-4494-95df-be70c35f625d,168MR,1599831581069
plugin_google_activity_recognition,"[{""activity"":""still"",""confidence"":88},{""activity"":""on_foot"",""confidence"":8},{""activity"":""walking"",""confidence"":8},{""activity"":""on_bicycle"",""confidence"":3},{""activity"":""unknown"",""confidence"":1}]",still,3,88,04bb5ab9-ce2f-4494-95df-be70c35f625d,168MR,1599831641743
plugin_google_activity_recognition,"[{""activity"":""still"",""confidence"":98},{""activity"":""on_foot"",""confidence"":1},{""activity"":""walking"",""confidence"":1},{""activity"":""unknown"",""confidence"":1}]",still,3,98,04bb5ab9-ce2f-4494-95df-be70c35f625d,168MR,1599831701967
plugin_google_activity_recognition,"[{""activity"":""still"",""confidence"":96},{""activity"":""unknown"",""confidence"":3},{""activity"":""on_foot"",""confidence"":1},{""activity"":""walking"",""confidence"":1}]",still,3,96,04bb5ab9-ce2f-4494-95df-be70c35f625d,168MR,1599831762140
plugin_google_activity_recognition,"[{""activity"":""tilting"",""confidence"":100}]",tilting,5,100,04bb5ab9-ce2f-4494-95df-be70c35f625d,168MR,1599836099866
plugin_google_activity_recognition,"[{""activity"":""still"",""confidence"":96},{""activity"":""in_vehicle"",""confidence"":1},{""activity"":""on_foot"",""confidence"":1},{""activity"":""walking"",""confidence"":1},{""activity"":""unknown"",""confidence"":1}]",still,3,96,04bb5ab9-ce2f-4494-95df-be70c35f625d,168MR,1599836099931
plugin_google_activity_recognition,"[{""activity"":""still"",""confidence"":100}]",still,3,100,04bb5ab9-ce2f-4494-95df-be70c35f625d,168MR,1599836791429
plugin_google_activity_recognition,"[{""activity"":""still"",""confidence"":100}]",still,3,100,04bb5ab9-ce2f-4494-95df-be70c35f625d,168MR,1599837712623
plugin_google_activity_recognition,"[{""activity"":""tilting"",""confidence"":100}]",tilting,5,100,04bb5ab9-ce2f-4494-95df-be70c35f625d,168MR,1599839092177
plugin_google_activity_recognition,"[{""activity"":""on_foot"",""confidence"":87},{""activity"":""walking"",""confidence"":87},{""activity"":""on_bicycle"",""confidence"":5},{""activity"":""running"",""confidence"":4},{""activity"":""unknown"",""confidence"":3},{""activity"":""still"",""confidence"":1}]",on_foot,2,87,04bb5ab9-ce2f-4494-95df-be70c35f625d,168MR,1599839092278
plugin_google_activity_recognition,"[{""activity"":""tilting"",""confidence"":100}]",tilting,5,100,04bb5ab9-ce2f-4494-95df-be70c35f625d,168MR,1599839158649
plugin_google_activity_recognition,"[{""activity"":""still"",""confidence"":99},{""activity"":""unknown"",""confidence"":1}]",still,3,99,04bb5ab9-ce2f-4494-95df-be70c35f625d,168MR,1599839158728
plugin_google_activity_recognition,"[{""activity"":""still"",""confidence"":99},{""activity"":""unknown"",""confidence"":1}]",still,3,99,04bb5ab9-ce2f-4494-95df-be70c35f625d,168MR,1599839219333
plugin_google_activity_recognition,"[{""activity"":""still"",""confidence"":99},{""activity"":""unknown"",""confidence"":1}]",still,3,99,04bb5ab9-ce2f-4494-95df-be70c35f625d,168MR,1599839279540
plugin_google_activity_recognition,"[{""activity"":""still"",""confidence"":99},{""activity"":""unknown"",""confidence"":1}]",still,3,99,04bb5ab9-ce2f-4494-95df-be70c35f625d,168MR,1599839339730
plugin_google_activity_recognition,"[{""activity"":""still"",""confidence"":99},{""activity"":""unknown"",""confidence"":1}]",still,3,99,04bb5ab9-ce2f-4494-95df-be70c35f625d,168MR,1599839399978
plugin_google_activity_recognition,"[{""activity"":""still"",""confidence"":99},{""activity"":""unknown"",""confidence"":1}]",still,3,99,04bb5ab9-ce2f-4494-95df-be70c35f625d,168MR,1599839460292
plugin_google_activity_recognition,"[{""activity"":""still"",""confidence"":99},{""activity"":""unknown"",""confidence"":1}]",still,3,99,04bb5ab9-ce2f-4494-95df-be70c35f625d,168MR,1599839520595
plugin_google_activity_recognition,"[{""activity"":""still"",""confidence"":99},{""activity"":""unknown"",""confidence"":1}]",still,3,99,04bb5ab9-ce2f-4494-95df-be70c35f625d,168MR,1599839580996
plugin_google_activity_recognition,"[{""activity"":""still"",""confidence"":97},{""activity"":""in_vehicle"",""confidence"":1},{""activity"":""on_foot"",""confidence"":1},{""activity"":""walking"",""confidence"":1},{""activity"":""unknown"",""confidence"":1}]",still,3,97,04bb5ab9-ce2f-4494-95df-be70c35f625d,168MR,1599839641279
plugin_google_activity_recognition,"[{""activity"":""still"",""confidence"":98},{""activity"":""in_vehicle"",""confidence"":1},{""activity"":""unknown"",""confidence"":1}]",still,3,98,04bb5ab9-ce2f-4494-95df-be70c35f625d,168MR,1599839687489
plugin_google_activity_recognition,"[{""activity"":""still"",""confidence"":100}]",still,3,100,04bb5ab9-ce2f-4494-95df-be70c35f625d,168MR,1599840174911
plugin_google_activity_recognition,"[{""activity"":""still"",""confidence"":100}]",still,3,100,04bb5ab9-ce2f-4494-95df-be70c35f625d,168MR,1599841192549
plugin_google_activity_recognition,"[{""activity"":""tilting"",""confidence"":100}]",tilting,5,100,04bb5ab9-ce2f-4494-95df-be70c35f625d,168MR,1599841225033
plugin_google_activity_recognition,"[{""activity"":""unknown"",""confidence"":40},{""activity"":""in_vehicle"",""confidence"":10},{""activity"":""on_bicycle"",""confidence"":10},{""activity"":""on_foot"",""confidence"":10},{""activity"":""walking"",""confidence"":10},{""activity"":""running"",""confidence"":10},{""activity"":""still"",""confidence"":10}]",unknown,4,40,04bb5ab9-ce2f-4494-95df-be70c35f625d,168MR,1599841225160
plugin_google_activity_recognition,"[{""activity"":""still"",""confidence"":47},{""activity"":""on_foot"",""confidence"":17},{""activity"":""walking"",""confidence"":17},{""activity"":""in_vehicle"",""confidence"":11},{""activity"":""on_bicycle"",""confidence"":10},{""activity"":""unknown"",""confidence"":3},{""activity"":""running"",""confidence"":1}]",still,3,47,04bb5ab9-ce2f-4494-95df-be70c35f625d,168MR,1599841285540
plugin_google_activity_recognition,"[{""activity"":""still"",""confidence"":49},{""activity"":""on_foot"",""confidence"":31},{""activity"":""walking"",""confidence"":31},{""activity"":""on_bicycle"",""confidence"":13},{""activity"":""in_vehicle"",""confidence"":3},{""activity"":""running"",""confidence"":1},{""activity"":""unknown"",""confidence"":1}]",still,3,49,04bb5ab9-ce2f-4494-95df-be70c35f625d,168MR,1599841346253
plugin_google_activity_recognition,"[{""activity"":""tilting"",""confidence"":100}]",tilting,5,100,04bb5ab9-ce2f-4494-95df-be70c35f625d,168MR,1599841407203
plugin_google_activity_recognition,"[{""activity"":""still"",""confidence"":81},{""activity"":""in_vehicle"",""confidence"":7},{""activity"":""on_foot"",""confidence"":6},{""activity"":""walking"",""confidence"":6},{""activity"":""on_bicycle"",""confidence"":3},{""activity"":""unknown"",""confidence"":1}]",still,3,81,04bb5ab9-ce2f-4494-95df-be70c35f625d,168MR,1599841407405
plugin_google_activity_recognition,"[{""activity"":""still"",""confidence"":67},{""activity"":""on_foot"",""confidence"":13},{""activity"":""walking"",""confidence"":13},{""activity"":""in_vehicle"",""confidence"":9},{""activity"":""on_bicycle"",""confidence"":2},{""activity"":""unknown"",""confidence"":2}]",still,3,67,04bb5ab9-ce2f-4494-95df-be70c35f625d,168MR,1599841437824
plugin_google_activity_recognition,"[{""activity"":""still"",""confidence"":99},{""activity"":""unknown"",""confidence"":1}]",still,3,99,04bb5ab9-ce2f-4494-95df-be70c35f625d,168MR,1599841499187
plugin_google_activity_recognition,"[{""activity"":""still"",""confidence"":73},{""activity"":""in_vehicle"",""confidence"":12},{""activity"":""on_foot"",""confidence"":7},{""activity"":""walking"",""confidence"":7},{""activity"":""unknown"",""confidence"":2},{""activity"":""on_bicycle"",""confidence"":1}]",still,3,73,04bb5ab9-ce2f-4494-95df-be70c35f625d,168MR,1599841559570
plugin_google_activity_recognition,"[{""activity"":""still"",""confidence"":97},{""activity"":""unknown"",""confidence"":2},{""activity"":""in_vehicle"",""confidence"":1}]",still,3,97,04bb5ab9-ce2f-4494-95df-be70c35f625d,168MR,1599841620005
plugin_google_activity_recognition,"[{""activity"":""still"",""confidence"":97},{""activity"":""unknown"",""confidence"":2},{""activity"":""in_vehicle"",""confidence"":1}]",still,3,97,04bb5ab9-ce2f-4494-95df-be70c35f625d,168MR,1599841682401
plugin_google_activity_recognition,"[{""activity"":""still"",""confidence"":50},{""activity"":""in_vehicle"",""confidence"":22},{""activity"":""on_foot"",""confidence"":8},{""activity"":""walking"",""confidence"":8},{""activity"":""unknown"",""confidence"":2},{""activity"":""on_bicycle"",""confidence"":1}]",still,3,50,04bb5ab9-ce2f-4494-95df-be70c35f625d,168MR,1599841741805
plugin_google_activity_recognition,"[{""activity"":""still"",""confidence"":97},{""activity"":""in_vehicle"",""confidence"":1},{""activity"":""unknown"",""confidence"":1}]",still,3,97,04bb5ab9-ce2f-4494-95df-be70c35f625d,168MR,1599841805888
plugin_google_activity_recognition,"[{""activity"":""still"",""confidence"":96},{""activity"":""in_vehicle"",""confidence"":1},{""activity"":""on_foot"",""confidence"":1},{""activity"":""walking"",""confidence"":1},{""activity"":""unknown"",""confidence"":1}]",still,3,96,04bb5ab9-ce2f-4494-95df-be70c35f625d,168MR,1599841866135
plugin_google_activity_recognition,"[{""activity"":""still"",""confidence"":97},{""activity"":""unknown"",""confidence"":2},{""activity"":""in_vehicle"",""confidence"":1}]",still,3,97,04bb5ab9-ce2f-4494-95df-be70c35f625d,168MR,1599841919282
plugin_google_activity_recognition,"[{""activity"":""still"",""confidence"":100}]",still,3,100,04bb5ab9-ce2f-4494-95df-be70c35f625d,168MR,1599841943394
plugin_google_activity_recognition,"[{""activity"":""still"",""confidence"":100}]",still,3,100,04bb5ab9-ce2f-4494-95df-be70c35f625d,168MR,1599842141460
plugin_google_activity_recognition,"[{""activity"":""still"",""confidence"":100}]",still,3,100,04bb5ab9-ce2f-4494-95df-be70c35f625d,168MR,1599842446069
plugin_google_activity_recognition,"[{""activity"":""still"",""confidence"":100}]",still,3,100,04bb5ab9-ce2f-4494-95df-be70c35f625d,168MR,1599844629702
plugin_google_activity_recognition,"[{""activity"":""still"",""confidence"":100}]",still,3,100,04bb5ab9-ce2f-4494-95df-be70c35f625d,168MR,1599844855167
plugin_google_activity_recognition,"[{""activity"":""unknown"",""confidence"":40},{""activity"":""in_vehicle"",""confidence"":10},{""activity"":""on_bicycle"",""confidence"":10},{""activity"":""on_foot"",""confidence"":10},{""activity"":""walking"",""confidence"":10},{""activity"":""running"",""confidence"":10},{""activity"":""still"",""confidence"":10}]",unknown,4,40,04bb5ab9-ce2f-4494-95df-be70c35f625d,168MR,1599847526575
plugin_google_activity_recognition,"[{""activity"":""still"",""confidence"":100}]",still,3,100,04bb5ab9-ce2f-4494-95df-be70c35f625d,168MR,1599847534921
plugin_google_activity_recognition,"[{""activity"":""still"",""confidence"":99},{""activity"":""unknown"",""confidence"":1}]",still,3,99,04bb5ab9-ce2f-4494-95df-be70c35f625d,168MR,1599847595303
plugin_google_activity_recognition,"[{""activity"":""still"",""confidence"":99},{""activity"":""unknown"",""confidence"":1}]",still,3,99,04bb5ab9-ce2f-4494-95df-be70c35f625d,168MR,1599847655667
plugin_google_activity_recognition,"[{""activity"":""still"",""confidence"":99},{""activity"":""unknown"",""confidence"":1}]",still,3,99,04bb5ab9-ce2f-4494-95df-be70c35f625d,168MR,1599847716091
plugin_google_activity_recognition,"[{""activity"":""still"",""confidence"":70},{""activity"":""in_vehicle"",""confidence"":13},{""activity"":""on_foot"",""confidence"":8},{""activity"":""walking"",""confidence"":8},{""activity"":""on_bicycle"",""confidence"":3},{""activity"":""unknown"",""confidence"":2}]",still,3,70,04bb5ab9-ce2f-4494-95df-be70c35f625d,168MR,1599847746284
plugin_google_activity_recognition,"[{""activity"":""still"",""confidence"":99},{""activity"":""unknown"",""confidence"":1}]",still,3,99,04bb5ab9-ce2f-4494-95df-be70c35f625d,168MR,1599847807741
plugin_google_activity_recognition,"[{""activity"":""still"",""confidence"":99},{""activity"":""unknown"",""confidence"":1}]",still,3,99,04bb5ab9-ce2f-4494-95df-be70c35f625d,168MR,1599847866839
plugin_google_activity_recognition,"[{""activity"":""still"",""confidence"":99},{""activity"":""unknown"",""confidence"":1}]",still,3,99,04bb5ab9-ce2f-4494-95df-be70c35f625d,168MR,1599847927324
plugin_google_activity_recognition,"[{""activity"":""still"",""confidence"":99},{""activity"":""unknown"",""confidence"":1}]",still,3,99,04bb5ab9-ce2f-4494-95df-be70c35f625d,168MR,1599847987614
plugin_google_activity_recognition,"[{""activity"":""still"",""confidence"":99},{""activity"":""unknown"",""confidence"":1}]",still,3,99,04bb5ab9-ce2f-4494-95df-be70c35f625d,168MR,1599848048137
plugin_google_activity_recognition,"[{""activity"":""tilting"",""confidence"":100}]",tilting,5,100,04bb5ab9-ce2f-4494-95df-be70c35f625d,168MR,1599848759568
plugin_google_activity_recognition,"[{""activity"":""unknown"",""confidence"":40},{""activity"":""in_vehicle"",""confidence"":10},{""activity"":""on_bicycle"",""confidence"":10},{""activity"":""on_foot"",""confidence"":10},{""activity"":""walking"",""confidence"":10},{""activity"":""running"",""confidence"":10},{""activity"":""still"",""confidence"":10}]",unknown,4,40,04bb5ab9-ce2f-4494-95df-be70c35f625d,168MR,1599848759618
plugin_google_activity_recognition,"[{""activity"":""tilting"",""confidence"":100}]",tilting,5,100,04bb5ab9-ce2f-4494-95df-be70c35f625d,168MR,1599848783080
plugin_google_activity_recognition,"[{""activity"":""still"",""confidence"":100}]",still,3,100,04bb5ab9-ce2f-4494-95df-be70c35f625d,168MR,1599848783101
plugin_google_activity_recognition,"[{""activity"":""still"",""confidence"":99},{""activity"":""unknown"",""confidence"":1}]",still,3,99,04bb5ab9-ce2f-4494-95df-be70c35f625d,168MR,1599848843503
plugin_google_activity_recognition,"[{""activity"":""still"",""confidence"":99},{""activity"":""unknown"",""confidence"":1}]",still,3,99,04bb5ab9-ce2f-4494-95df-be70c35f625d,168MR,1599848903783
plugin_google_activity_recognition,"[{""activity"":""still"",""confidence"":99},{""activity"":""unknown"",""confidence"":1}]",still,3,99,04bb5ab9-ce2f-4494-95df-be70c35f625d,168MR,1599848965552
plugin_google_activity_recognition,"[{""activity"":""still"",""confidence"":99},{""activity"":""unknown"",""confidence"":1}]",still,3,99,04bb5ab9-ce2f-4494-95df-be70c35f625d,168MR,1599849024499
plugin_google_activity_recognition,"[{""activity"":""still"",""confidence"":99},{""activity"":""unknown"",""confidence"":1}]",still,3,99,04bb5ab9-ce2f-4494-95df-be70c35f625d,168MR,1599849084779
plugin_google_activity_recognition,"[{""activity"":""still"",""confidence"":99},{""activity"":""unknown"",""confidence"":1}]",still,3,99,04bb5ab9-ce2f-4494-95df-be70c35f625d,168MR,1599849145199
plugin_google_activity_recognition,"[{""activity"":""tilting"",""confidence"":100}]",tilting,5,100,04bb5ab9-ce2f-4494-95df-be70c35f625d,168MR,1599849187180
plugin_google_activity_recognition,"[{""activity"":""still"",""confidence"":62},{""activity"":""on_foot"",""confidence"":16},{""activity"":""walking"",""confidence"":16},{""activity"":""in_vehicle"",""confidence"":10},{""activity"":""on_bicycle"",""confidence"":3},{""activity"":""unknown"",""confidence"":2}]",still,3,62,04bb5ab9-ce2f-4494-95df-be70c35f625d,168MR,1599849187195
plugin_google_activity_recognition,"[{""activity"":""still"",""confidence"":99},{""activity"":""unknown"",""confidence"":1}]",still,3,99,04bb5ab9-ce2f-4494-95df-be70c35f625d,168MR,1599849247372
plugin_google_activity_recognition,"[{""activity"":""still"",""confidence"":99},{""activity"":""unknown"",""confidence"":1}]",still,3,99,04bb5ab9-ce2f-4494-95df-be70c35f625d,168MR,1599849309303
plugin_google_activity_recognition,"[{""activity"":""still"",""confidence"":100}]",still,3,100,04bb5ab9-ce2f-4494-95df-be70c35f625d,168MR,1599849406151
plugin_google_activity_recognition,"[{""activity"":""still"",""confidence"":100}]",still,3,100,04bb5ab9-ce2f-4494-95df-be70c35f625d,168MR,1599849669818
plugin_google_activity_recognition,"[{""activity"":""tilting"",""confidence"":100}]",tilting,5,100,04bb5ab9-ce2f-4494-95df-be70c35f625d,168MR,1599849696186
plugin_google_activity_recognition,"[{""activity"":""unknown"",""confidence"":40},{""activity"":""in_vehicle"",""confidence"":10},{""activity"":""on_bicycle"",""confidence"":10},{""activity"":""on_foot"",""confidence"":10},{""activity"":""walking"",""confidence"":10},{""activity"":""running"",""confidence"":10},{""activity"":""still"",""confidence"":10}]",unknown,4,40,04bb5ab9-ce2f-4494-95df-be70c35f625d,168MR,1599849696278
plugin_google_activity_recognition,"[{""activity"":""unknown"",""confidence"":40},{""activity"":""in_vehicle"",""confidence"":10},{""activity"":""on_bicycle"",""confidence"":10},{""activity"":""on_foot"",""confidence"":10},{""activity"":""walking"",""confidence"":10},{""activity"":""running"",""confidence"":10},{""activity"":""still"",""confidence"":10}]",unknown,4,40,04bb5ab9-ce2f-4494-95df-be70c35f625d,168MR,1599849763654
plugin_google_activity_recognition,"[{""activity"":""tilting"",""confidence"":100}]",tilting,5,100,04bb5ab9-ce2f-4494-95df-be70c35f625d,168MR,1599849823988
plugin_google_activity_recognition,"[{""activity"":""unknown"",""confidence"":40},{""activity"":""in_vehicle"",""confidence"":10},{""activity"":""on_bicycle"",""confidence"":10},{""activity"":""on_foot"",""confidence"":10},{""activity"":""walking"",""confidence"":10},{""activity"":""running"",""confidence"":10},{""activity"":""still"",""confidence"":10}]",unknown,4,40,04bb5ab9-ce2f-4494-95df-be70c35f625d,168MR,1599849824058
plugin_google_activity_recognition,"[{""activity"":""still"",""confidence"":63},{""activity"":""on_foot"",""confidence"":23},{""activity"":""walking"",""confidence"":23},{""activity"":""in_vehicle"",""confidence"":8},{""activity"":""on_bicycle"",""confidence"":2},{""activity"":""unknown"",""confidence"":2}]",still,3,63,04bb5ab9-ce2f-4494-95df-be70c35f625d,168MR,1599849884337
plugin_google_activity_recognition,"[{""activity"":""still"",""confidence"":50},{""activity"":""on_foot"",""confidence"":23},{""activity"":""walking"",""confidence"":23},{""activity"":""in_vehicle"",""confidence"":18},{""activity"":""unknown"",""confidence"":3},{""activity"":""on_bicycle"",""confidence"":2}]",still,3,50,04bb5ab9-ce2f-4494-95df-be70c35f625d,168MR,1599849944771
plugin_google_activity_recognition,"[{""activity"":""still"",""confidence"":70},{""activity"":""on_foot"",""confidence"":20},{""activity"":""walking"",""confidence"":20},{""activity"":""in_vehicle"",""confidence"":5},{""activity"":""on_bicycle"",""confidence"":2},{""activity"":""unknown"",""confidence"":2}]",still,3,70,04bb5ab9-ce2f-4494-95df-be70c35f625d,168MR,1599850005110
plugin_google_activity_recognition,"[{""activity"":""unknown"",""confidence"":40},{""activity"":""in_vehicle"",""confidence"":10},{""activity"":""on_bicycle"",""confidence"":10},{""activity"":""on_foot"",""confidence"":10},{""activity"":""walking"",""confidence"":10},{""activity"":""running"",""confidence"":10},{""activity"":""still"",""confidence"":10}]",unknown,4,40,04bb5ab9-ce2f-4494-95df-be70c35f625d,168MR,1599850065550
plugin_google_activity_recognition,"[{""activity"":""unknown"",""confidence"":40},{""activity"":""in_vehicle"",""confidence"":10},{""activity"":""on_bicycle"",""confidence"":10},{""activity"":""on_foot"",""confidence"":10},{""activity"":""walking"",""confidence"":10},{""activity"":""running"",""confidence"":10},{""activity"":""still"",""confidence"":10}]",unknown,4,40,04bb5ab9-ce2f-4494-95df-be70c35f625d,168MR,1599850126053
plugin_google_activity_recognition,"[{""activity"":""unknown"",""confidence"":40},{""activity"":""in_vehicle"",""confidence"":10},{""activity"":""on_bicycle"",""confidence"":10},{""activity"":""on_foot"",""confidence"":10},{""activity"":""walking"",""confidence"":10},{""activity"":""running"",""confidence"":10},{""activity"":""still"",""confidence"":10}]",unknown,4,40,04bb5ab9-ce2f-4494-95df-be70c35f625d,168MR,1599850187803
plugin_google_activity_recognition,"[{""activity"":""still"",""confidence"":99},{""activity"":""unknown"",""confidence"":1}]",still,3,99,04bb5ab9-ce2f-4494-95df-be70c35f625d,168MR,1599850246672
plugin_google_activity_recognition,"[{""activity"":""still"",""confidence"":57},{""activity"":""on_foot"",""confidence"":29},{""activity"":""walking"",""confidence"":29},{""activity"":""in_vehicle"",""confidence"":7},{""activity"":""on_bicycle"",""confidence"":2},{""activity"":""unknown"",""confidence"":2}]",still,3,57,04bb5ab9-ce2f-4494-95df-be70c35f625d,168MR,1599850307323
plugin_google_activity_recognition,"[{""activity"":""still"",""confidence"":44},{""activity"":""in_vehicle"",""confidence"":30},{""activity"":""on_foot"",""confidence"":18},{""activity"":""walking"",""confidence"":18},{""activity"":""on_bicycle"",""confidence"":4},{""activity"":""unknown"",""confidence"":2}]",still,3,44,04bb5ab9-ce2f-4494-95df-be70c35f625d,168MR,1599850368038
plugin_google_activity_recognition,"[{""activity"":""still"",""confidence"":63},{""activity"":""on_foot"",""confidence"":30},{""activity"":""walking"",""confidence"":30},{""activity"":""in_vehicle"",""confidence"":3},{""activity"":""on_bicycle"",""confidence"":2},{""activity"":""unknown"",""confidence"":1}]",still,3,63,04bb5ab9-ce2f-4494-95df-be70c35f625d,168MR,1599850428365
plugin_google_activity_recognition,"[{""activity"":""still"",""confidence"":65},{""activity"":""on_foot"",""confidence"":17},{""activity"":""walking"",""confidence"":17},{""activity"":""in_vehicle"",""confidence"":10},{""activity"":""on_bicycle"",""confidence"":4},{""activity"":""unknown"",""confidence"":2}]",still,3,65,04bb5ab9-ce2f-4494-95df-be70c35f625d,168MR,1599850488683
plugin_google_activity_recognition,"[{""activity"":""still"",""confidence"":98},{""activity"":""on_foot"",""confidence"":1},{""activity"":""walking"",""confidence"":1},{""activity"":""unknown"",""confidence"":1}]",still,3,98,04bb5ab9-ce2f-4494-95df-be70c35f625d,168MR,1599850549007
plugin_google_activity_recognition,"[{""activity"":""still"",""confidence"":79},{""activity"":""in_vehicle"",""confidence"":9},{""activity"":""on_foot"",""confidence"":7},{""activity"":""walking"",""confidence"":7},{""activity"":""unknown"",""confidence"":3},{""activity"":""on_bicycle"",""confidence"":1}]",still,3,79,04bb5ab9-ce2f-4494-95df-be70c35f625d,168MR,1599850609418
plugin_google_activity_recognition,"[{""activity"":""still"",""confidence"":96},{""activity"":""on_foot"",""confidence"":2},{""activity"":""walking"",""confidence"":2},{""activity"":""in_vehicle"",""confidence"":1},{""activity"":""unknown"",""confidence"":1}]",still,3,96,04bb5ab9-ce2f-4494-95df-be70c35f625d,168MR,1599850669793
plugin_google_activity_recognition,"[{""activity"":""still"",""confidence"":80},{""activity"":""on_foot"",""confidence"":15},{""activity"":""walking"",""confidence"":15},{""activity"":""on_bicycle"",""confidence"":2},{""activity"":""unknown"",""confidence"":2},{""activity"":""in_vehicle"",""confidence"":1}]",still,3,80,04bb5ab9-ce2f-4494-95df-be70c35f625d,168MR,1599850729933
plugin_google_activity_recognition,"[{""activity"":""tilting"",""confidence"":100}]",tilting,5,100,04bb5ab9-ce2f-4494-95df-be70c35f625d,168MR,1599850780803
plugin_google_activity_recognition,"[{""activity"":""unknown"",""confidence"":40},{""activity"":""in_vehicle"",""confidence"":10},{""activity"":""on_bicycle"",""confidence"":10},{""activity"":""on_foot"",""confidence"":10},{""activity"":""walking"",""confidence"":10},{""activity"":""running"",""confidence"":10},{""activity"":""still"",""confidence"":10}]",unknown,4,40,04bb5ab9-ce2f-4494-95df-be70c35f625d,168MR,1599850780903
plugin_google_activity_recognition,"[{""activity"":""still"",""confidence"":96},{""activity"":""in_vehicle"",""confidence"":1},{""activity"":""on_foot"",""confidence"":1},{""activity"":""walking"",""confidence"":1},{""activity"":""unknown"",""confidence"":1}]",still,3,96,04bb5ab9-ce2f-4494-95df-be70c35f625d,168MR,1599850841445
plugin_google_activity_recognition,"[{""activity"":""still"",""confidence"":98},{""activity"":""in_vehicle"",""confidence"":1},{""activity"":""unknown"",""confidence"":1}]",still,3,98,04bb5ab9-ce2f-4494-95df-be70c35f625d,168MR,1599850901780
plugin_google_activity_recognition,"[{""activity"":""still"",""confidence"":96},{""activity"":""in_vehicle"",""confidence"":2},{""activity"":""unknown"",""confidence"":2}]",still,3,96,04bb5ab9-ce2f-4494-95df-be70c35f625d,168MR,1599850962223
plugin_google_activity_recognition,"[{""activity"":""still"",""confidence"":96},{""activity"":""unknown"",""confidence"":2},{""activity"":""in_vehicle"",""confidence"":1}]",still,3,96,04bb5ab9-ce2f-4494-95df-be70c35f625d,168MR,1599851022375
plugin_google_activity_recognition,"[{""activity"":""still"",""confidence"":97},{""activity"":""unknown"",""confidence"":2},{""activity"":""in_vehicle"",""confidence"":1}]",still,3,97,04bb5ab9-ce2f-4494-95df-be70c35f625d,168MR,1599851082647
plugin_google_activity_recognition,"[{""activity"":""still"",""confidence"":64},{""activity"":""in_vehicle"",""confidence"":19},{""activity"":""on_foot"",""confidence"":5},{""activity"":""walking"",""confidence"":5},{""activity"":""unknown"",""confidence"":2},{""activity"":""on_bicycle"",""confidence"":1}]",still,3,64,04bb5ab9-ce2f-4494-95df-be70c35f625d,168MR,1599851142881
plugin_google_activity_recognition,"[{""activity"":""still"",""confidence"":99},{""activity"":""unknown"",""confidence"":1}]",still,3,99,04bb5ab9-ce2f-4494-95df-be70c35f625d,168MR,1599851203178
plugin_google_activity_recognition,"[{""activity"":""still"",""confidence"":77},{""activity"":""in_vehicle"",""confidence"":12},{""activity"":""on_foot"",""confidence"":4},{""activity"":""walking"",""confidence"":4},{""activity"":""unknown"",""confidence"":2}]",still,3,77,04bb5ab9-ce2f-4494-95df-be70c35f625d,168MR,1599851263531
plugin_google_activity_recognition,"[{""activity"":""still"",""confidence"":99},{""activity"":""unknown"",""confidence"":1}]",still,3,99,04bb5ab9-ce2f-4494-95df-be70c35f625d,168MR,1599851323878
plugin_google_activity_recognition,"[{""activity"":""still"",""confidence"":100}]",still,3,100,04bb5ab9-ce2f-4494-95df-be70c35f625d,168MR,1599851330501
plugin_google_activity_recognition,"[{""activity"":""still"",""confidence"":100}]",still,3,100,04bb5ab9-ce2f-4494-95df-be70c35f625d,168MR,1599851536924
plugin_google_activity_recognition,"[{""activity"":""tilting"",""confidence"":100}]",tilting,5,100,04bb5ab9-ce2f-4494-95df-be70c35f625d,168MR,1599851556685
plugin_google_activity_recognition,"[{""activity"":""unknown"",""confidence"":40},{""activity"":""in_vehicle"",""confidence"":10},{""activity"":""on_bicycle"",""confidence"":10},{""activity"":""on_foot"",""confidence"":10},{""activity"":""walking"",""confidence"":10},{""activity"":""running"",""confidence"":10},{""activity"":""still"",""confidence"":10}]",unknown,4,40,04bb5ab9-ce2f-4494-95df-be70c35f625d,168MR,1599851556749
plugin_google_activity_recognition,"[{""activity"":""unknown"",""confidence"":40},{""activity"":""in_vehicle"",""confidence"":10},{""activity"":""on_bicycle"",""confidence"":10},{""activity"":""on_foot"",""confidence"":10},{""activity"":""walking"",""confidence"":10},{""activity"":""running"",""confidence"":10},{""activity"":""still"",""confidence"":10}]",unknown,4,40,04bb5ab9-ce2f-4494-95df-be70c35f625d,168MR,1599851617186
plugin_google_activity_recognition,"[{""activity"":""still"",""confidence"":96},{""activity"":""on_foot"",""confidence"":3},{""activity"":""walking"",""confidence"":3},{""activity"":""unknown"",""confidence"":1}]",still,3,96,04bb5ab9-ce2f-4494-95df-be70c35f625d,168MR,1599851677701
plugin_google_activity_recognition,"[{""activity"":""still"",""confidence"":96},{""activity"":""in_vehicle"",""confidence"":2},{""activity"":""on_foot"",""confidence"":2},{""activity"":""walking"",""confidence"":2}]",still,3,96,04bb5ab9-ce2f-4494-95df-be70c35f625d,168MR,1599851738001
plugin_google_activity_recognition,"[{""activity"":""still"",""confidence"":51},{""activity"":""on_foot"",""confidence"":42},{""activity"":""walking"",""confidence"":42},{""activity"":""in_vehicle"",""confidence"":3},{""activity"":""on_bicycle"",""confidence"":1},{""activity"":""unknown"",""confidence"":1}]",still,3,51,04bb5ab9-ce2f-4494-95df-be70c35f625d,168MR,1599851805337
plugin_google_activity_recognition,"[{""activity"":""unknown"",""confidence"":40},{""activity"":""in_vehicle"",""confidence"":10},{""activity"":""on_bicycle"",""confidence"":10},{""activity"":""on_foot"",""confidence"":10},{""activity"":""walking"",""confidence"":10},{""activity"":""running"",""confidence"":10},{""activity"":""still"",""confidence"":10}]",unknown,4,40,04bb5ab9-ce2f-4494-95df-be70c35f625d,168MR,1599851865669
plugin_google_activity_recognition,"[{""activity"":""unknown"",""confidence"":40},{""activity"":""in_vehicle"",""confidence"":10},{""activity"":""on_bicycle"",""confidence"":10},{""activity"":""on_foot"",""confidence"":10},{""activity"":""walking"",""confidence"":10},{""activity"":""running"",""confidence"":10},{""activity"":""still"",""confidence"":10}]",unknown,4,40,04bb5ab9-ce2f-4494-95df-be70c35f625d,168MR,1599851926385
plugin_google_activity_recognition,"[{""activity"":""unknown"",""confidence"":40},{""activity"":""in_vehicle"",""confidence"":10},{""activity"":""on_bicycle"",""confidence"":10},{""activity"":""on_foot"",""confidence"":10},{""activity"":""walking"",""confidence"":10},{""activity"":""running"",""confidence"":10},{""activity"":""still"",""confidence"":10}]",unknown,4,40,04bb5ab9-ce2f-4494-95df-be70c35f625d,168MR,1599851986782
plugin_google_activity_recognition,"[{""activity"":""unknown"",""confidence"":40},{""activity"":""in_vehicle"",""confidence"":10},{""activity"":""on_bicycle"",""confidence"":10},{""activity"":""on_foot"",""confidence"":10},{""activity"":""walking"",""confidence"":10},{""activity"":""running"",""confidence"":10},{""activity"":""still"",""confidence"":10}]",unknown,4,40,04bb5ab9-ce2f-4494-95df-be70c35f625d,168MR,1599852047499
plugin_google_activity_recognition,"[{""activity"":""unknown"",""confidence"":40},{""activity"":""in_vehicle"",""confidence"":10},{""activity"":""on_bicycle"",""confidence"":10},{""activity"":""on_foot"",""confidence"":10},{""activity"":""walking"",""confidence"":10},{""activity"":""running"",""confidence"":10},{""activity"":""still"",""confidence"":10}]",unknown,4,40,04bb5ab9-ce2f-4494-95df-be70c35f625d,168MR,1599852108299
plugin_google_activity_recognition,"[{""activity"":""unknown"",""confidence"":40},{""activity"":""in_vehicle"",""confidence"":10},{""activity"":""on_bicycle"",""confidence"":10},{""activity"":""on_foot"",""confidence"":10},{""activity"":""walking"",""confidence"":10},{""activity"":""running"",""confidence"":10},{""activity"":""still"",""confidence"":10}]",unknown,4,40,04bb5ab9-ce2f-4494-95df-be70c35f625d,168MR,1599852168632
plugin_google_activity_recognition,"[{""activity"":""tilting"",""confidence"":100}]",tilting,5,100,04bb5ab9-ce2f-4494-95df-be70c35f625d,168MR,1599852229078
plugin_google_activity_recognition,"[{""activity"":""unknown"",""confidence"":40},{""activity"":""in_vehicle"",""confidence"":10},{""activity"":""on_bicycle"",""confidence"":10},{""activity"":""on_foot"",""confidence"":10},{""activity"":""walking"",""confidence"":10},{""activity"":""running"",""confidence"":10},{""activity"":""still"",""confidence"":10}]",unknown,4,40,04bb5ab9-ce2f-4494-95df-be70c35f625d,168MR,1599852229100
plugin_google_activity_recognition,"[{""activity"":""tilting"",""confidence"":100}]",tilting,5,100,04bb5ab9-ce2f-4494-95df-be70c35f625d,168MR,1599852262466
plugin_google_activity_recognition,"[{""activity"":""on_foot"",""confidence"":84},{""activity"":""walking"",""confidence"":84},{""activity"":""on_bicycle"",""confidence"":5},{""activity"":""running"",""confidence"":3},{""activity"":""still"",""confidence"":3},{""activity"":""unknown"",""confidence"":3},{""activity"":""in_vehicle"",""confidence"":1}]",on_foot,2,84,04bb5ab9-ce2f-4494-95df-be70c35f625d,168MR,1599852262841
plugin_google_activity_recognition,"[{""activity"":""tilting"",""confidence"":100}]",tilting,5,100,04bb5ab9-ce2f-4494-95df-be70c35f625d,168MR,1599852322882
plugin_google_activity_recognition,"[{""activity"":""unknown"",""confidence"":40},{""activity"":""in_vehicle"",""confidence"":10},{""activity"":""on_bicycle"",""confidence"":10},{""activity"":""on_foot"",""confidence"":10},{""activity"":""walking"",""confidence"":10},{""activity"":""running"",""confidence"":10},{""activity"":""still"",""confidence"":10}]",unknown,4,40,04bb5ab9-ce2f-4494-95df-be70c35f625d,168MR,1599852322916
plugin_google_activity_recognition,"[{""activity"":""unknown"",""confidence"":40},{""activity"":""in_vehicle"",""confidence"":10},{""activity"":""on_bicycle"",""confidence"":10},{""activity"":""on_foot"",""confidence"":10},{""activity"":""walking"",""confidence"":10},{""activity"":""running"",""confidence"":10},{""activity"":""still"",""confidence"":10}]",unknown,4,40,04bb5ab9-ce2f-4494-95df-be70c35f625d,168MR,1599852386929
plugin_google_activity_recognition,"[{""activity"":""unknown"",""confidence"":40},{""activity"":""in_vehicle"",""confidence"":10},{""activity"":""on_bicycle"",""confidence"":10},{""activity"":""on_foot"",""confidence"":10},{""activity"":""walking"",""confidence"":10},{""activity"":""running"",""confidence"":10},{""activity"":""still"",""confidence"":10}]",unknown,4,40,04bb5ab9-ce2f-4494-95df-be70c35f625d,168MR,1599852428325
plugin_google_activity_recognition,"[{""activity"":""tilting"",""confidence"":100}]",tilting,5,100,04bb5ab9-ce2f-4494-95df-be70c35f625d,168MR,1599852488754
plugin_google_activity_recognition,"[{""activity"":""unknown"",""confidence"":40},{""activity"":""in_vehicle"",""confidence"":10},{""activity"":""on_bicycle"",""confidence"":10},{""activity"":""on_foot"",""confidence"":10},{""activity"":""walking"",""confidence"":10},{""activity"":""running"",""confidence"":10},{""activity"":""still"",""confidence"":10}]",unknown,4,40,04bb5ab9-ce2f-4494-95df-be70c35f625d,168MR,1599852488767
plugin_google_activity_recognition,"[{""activity"":""tilting"",""confidence"":100}]",tilting,5,100,04bb5ab9-ce2f-4494-95df-be70c35f625d,168MR,1599852550395
plugin_google_activity_recognition,"[{""activity"":""still"",""confidence"":39},{""activity"":""on_foot"",""confidence"":32},{""activity"":""walking"",""confidence"":32},{""activity"":""on_bicycle"",""confidence"":13},{""activity"":""in_vehicle"",""confidence"":6},{""activity"":""unknown"",""confidence"":3},{""activity"":""running"",""confidence"":1}]",still,3,39,04bb5ab9-ce2f-4494-95df-be70c35f625d,168MR,1599852550420
plugin_google_activity_recognition,"[{""activity"":""tilting"",""confidence"":100}]",tilting,5,100,04bb5ab9-ce2f-4494-95df-be70c35f625d,168MR,1599852609676
plugin_google_activity_recognition,"[{""activity"":""still"",""confidence"":61},{""activity"":""on_foot"",""confidence"":26},{""activity"":""walking"",""confidence"":26},{""activity"":""on_bicycle"",""confidence"":9},{""activity"":""unknown"",""confidence"":2},{""activity"":""in_vehicle"",""confidence"":1}]",still,3,61,04bb5ab9-ce2f-4494-95df-be70c35f625d,168MR,1599852609703
plugin_google_activity_recognition,"[{""activity"":""still"",""confidence"":97},{""activity"":""unknown"",""confidence"":2},{""activity"":""on_foot"",""confidence"":1},{""activity"":""walking"",""confidence"":1}]",still,3,97,04bb5ab9-ce2f-4494-95df-be70c35f625d,168MR,1599852614616
plugin_google_activity_recognition,"[{""activity"":""still"",""confidence"":99},{""activity"":""unknown"",""confidence"":1}]",still,3,99,04bb5ab9-ce2f-4494-95df-be70c35f625d,168MR,1599852674958
plugin_google_activity_recognition,"[{""activity"":""tilting"",""confidence"":100}]",tilting,5,100,04bb5ab9-ce2f-4494-95df-be70c35f625d,168MR,1599852735650
plugin_google_activity_recognition,"[{""activity"":""still"",""confidence"":99},{""activity"":""unknown"",""confidence"":1}]",still,3,99,04bb5ab9-ce2f-4494-95df-be70c35f625d,168MR,1599852735690
plugin_google_activity_recognition,"[{""activity"":""still"",""confidence"":99},{""activity"":""unknown"",""confidence"":1}]",still,3,99,04bb5ab9-ce2f-4494-95df-be70c35f625d,168MR,1599852799456
plugin_google_activity_recognition,"[{""activity"":""still"",""confidence"":99},{""activity"":""unknown"",""confidence"":1}]",still,3,99,04bb5ab9-ce2f-4494-95df-be70c35f625d,168MR,1599852859855
plugin_google_activity_recognition,"[{""activity"":""still"",""confidence"":99},{""activity"":""unknown"",""confidence"":1}]",still,3,99,04bb5ab9-ce2f-4494-95df-be70c35f625d,168MR,1599852920096
plugin_google_activity_recognition,"[{""activity"":""still"",""confidence"":99},{""activity"":""unknown"",""confidence"":1}]",still,3,99,04bb5ab9-ce2f-4494-95df-be70c35f625d,168MR,1599852983094
plugin_google_activity_recognition,"[{""activity"":""still"",""confidence"":99},{""activity"":""unknown"",""confidence"":1}]",still,3,99,04bb5ab9-ce2f-4494-95df-be70c35f625d,168MR,1599853043519
plugin_google_activity_recognition,"[{""activity"":""still"",""confidence"":99},{""activity"":""unknown"",""confidence"":1}]",still,3,99,04bb5ab9-ce2f-4494-95df-be70c35f625d,168MR,1599853103825
plugin_google_activity_recognition,"[{""activity"":""tilting"",""confidence"":100}]",tilting,5,100,04bb5ab9-ce2f-4494-95df-be70c35f625d,168MR,1599853709956
plugin_google_activity_recognition,"[{""activity"":""unknown"",""confidence"":40},{""activity"":""in_vehicle"",""confidence"":10},{""activity"":""on_bicycle"",""confidence"":10},{""activity"":""on_foot"",""confidence"":10},{""activity"":""walking"",""confidence"":10},{""activity"":""running"",""confidence"":10},{""activity"":""still"",""confidence"":10}]",unknown,4,40,04bb5ab9-ce2f-4494-95df-be70c35f625d,168MR,1599853710071
plugin_google_activity_recognition,"[{""activity"":""tilting"",""confidence"":100}]",tilting,5,100,04bb5ab9-ce2f-4494-95df-be70c35f625d,168MR,1599853783629
plugin_google_activity_recognition,"[{""activity"":""still"",""confidence"":99},{""activity"":""unknown"",""confidence"":1}]",still,3,99,04bb5ab9-ce2f-4494-95df-be70c35f625d,168MR,1599853783660
plugin_google_activity_recognition,"[{""activity"":""still"",""confidence"":99},{""activity"":""unknown"",""confidence"":1}]",still,3,99,04bb5ab9-ce2f-4494-95df-be70c35f625d,168MR,1599853844079
plugin_google_activity_recognition,"[{""activity"":""still"",""confidence"":99},{""activity"":""unknown"",""confidence"":1}]",still,3,99,04bb5ab9-ce2f-4494-95df-be70c35f625d,168MR,1599853904257
plugin_google_activity_recognition,"[{""activity"":""tilting"",""confidence"":100}]",tilting,5,100,04bb5ab9-ce2f-4494-95df-be70c35f625d,168MR,1599853964620
plugin_google_activity_recognition,"[{""activity"":""still"",""confidence"":98},{""activity"":""in_vehicle"",""confidence"":1},{""activity"":""unknown"",""confidence"":1}]",still,3,98,04bb5ab9-ce2f-4494-95df-be70c35f625d,168MR,1599853964738
plugin_google_activity_recognition,"[{""activity"":""still"",""confidence"":99},{""activity"":""unknown"",""confidence"":1}]",still,3,99,04bb5ab9-ce2f-4494-95df-be70c35f625d,168MR,1599854031857
plugin_google_activity_recognition,"[{""activity"":""still"",""confidence"":99},{""activity"":""unknown"",""confidence"":1}]",still,3,99,04bb5ab9-ce2f-4494-95df-be70c35f625d,168MR,1599854092132
plugin_google_activity_recognition,"[{""activity"":""still"",""confidence"":99},{""activity"":""unknown"",""confidence"":1}]",still,3,99,04bb5ab9-ce2f-4494-95df-be70c35f625d,168MR,1599854152543
plugin_google_activity_recognition,"[{""activity"":""still"",""confidence"":99},{""activity"":""unknown"",""confidence"":1}]",still,3,99,04bb5ab9-ce2f-4494-95df-be70c35f625d,168MR,1599854212661
plugin_google_activity_recognition,"[{""activity"":""still"",""confidence"":72},{""activity"":""in_vehicle"",""confidence"":14},{""activity"":""on_foot"",""confidence"":2},{""activity"":""walking"",""confidence"":2},{""activity"":""unknown"",""confidence"":1}]",still,3,72,04bb5ab9-ce2f-4494-95df-be70c35f625d,168MR,1599854272998
plugin_google_activity_recognition,"[{""activity"":""tilting"",""confidence"":100}]",tilting,5,100,04bb5ab9-ce2f-4494-95df-be70c35f625d,168MR,1599855109321
plugin_google_activity_recognition,"[{""activity"":""still"",""confidence"":100}]",still,3,100,04bb5ab9-ce2f-4494-95df-be70c35f625d,168MR,1599855109380
plugin_google_activity_recognition,"[{""activity"":""tilting"",""confidence"":100}]",tilting,5,100,04bb5ab9-ce2f-4494-95df-be70c35f625d,168MR,1599858093258
plugin_google_activity_recognition,"[{""activity"":""still"",""confidence"":59},{""activity"":""on_foot"",""confidence"":19},{""activity"":""walking"",""confidence"":19},{""activity"":""in_vehicle"",""confidence"":10},{""activity"":""on_bicycle"",""confidence"":5},{""activity"":""running"",""confidence"":1},{""activity"":""unknown"",""confidence"":1}]",still,3,59,04bb5ab9-ce2f-4494-95df-be70c35f625d,168MR,1599858093283
plugin_google_activity_recognition,"[{""activity"":""still"",""confidence"":96},{""activity"":""on_foot"",""confidence"":2},{""activity"":""walking"",""confidence"":2},{""activity"":""in_vehicle"",""confidence"":1},{""activity"":""unknown"",""confidence"":1}]",still,3,96,04bb5ab9-ce2f-4494-95df-be70c35f625d,168MR,1599858150225
plugin_google_activity_recognition,"[{""activity"":""tilting"",""confidence"":100}]",tilting,5,100,04bb5ab9-ce2f-4494-95df-be70c35f625d,168MR,1599862473798
plugin_google_activity_recognition,"[{""activity"":""unknown"",""confidence"":40},{""activity"":""in_vehicle"",""confidence"":10},{""activity"":""on_bicycle"",""confidence"":10},{""activity"":""on_foot"",""confidence"":10},{""activity"":""walking"",""confidence"":10},{""activity"":""running"",""confidence"":10},{""activity"":""still"",""confidence"":10}]",unknown,4,40,04bb5ab9-ce2f-4494-95df-be70c35f625d,168MR,1599862473831
plugin_google_activity_recognition,"[{""activity"":""still"",""confidence"":99},{""activity"":""unknown"",""confidence"":1}]",still,3,99,04bb5ab9-ce2f-4494-95df-be70c35f625d,168MR,1599862534919
plugin_google_activity_recognition,"[{""activity"":""still"",""confidence"":99},{""activity"":""unknown"",""confidence"":1}]",still,3,99,04bb5ab9-ce2f-4494-95df-be70c35f625d,168MR,1599862595356
plugin_google_activity_recognition,"[{""activity"":""still"",""confidence"":99},{""activity"":""unknown"",""confidence"":1}]",still,3,99,04bb5ab9-ce2f-4494-95df-be70c35f625d,168MR,1599862655721
plugin_google_activity_recognition,"[{""activity"":""still"",""confidence"":99},{""activity"":""unknown"",""confidence"":1}]",still,3,99,04bb5ab9-ce2f-4494-95df-be70c35f625d,168MR,1599862717344
plugin_google_activity_recognition,"[{""activity"":""still"",""confidence"":99},{""activity"":""unknown"",""confidence"":1}]",still,3,99,04bb5ab9-ce2f-4494-95df-be70c35f625d,168MR,1599862776753
plugin_google_activity_recognition,"[{""activity"":""still"",""confidence"":99},{""activity"":""unknown"",""confidence"":1}]",still,3,99,04bb5ab9-ce2f-4494-95df-be70c35f625d,168MR,1599862837300
plugin_google_activity_recognition,"[{""activity"":""still"",""confidence"":99},{""activity"":""unknown"",""confidence"":1}]",still,3,99,04bb5ab9-ce2f-4494-95df-be70c35f625d,168MR,1599862897691
plugin_google_activity_recognition,"[{""activity"":""still"",""confidence"":99},{""activity"":""unknown"",""confidence"":1}]",still,3,99,04bb5ab9-ce2f-4494-95df-be70c35f625d,168MR,1599862958232
plugin_google_activity_recognition,"[{""activity"":""still"",""confidence"":99},{""activity"":""unknown"",""confidence"":1}]",still,3,99,04bb5ab9-ce2f-4494-95df-be70c35f625d,168MR,1599863018589
plugin_google_activity_recognition,"[{""activity"":""tilting"",""confidence"":100}]",tilting,5,100,04bb5ab9-ce2f-4494-95df-be70c35f625d,168MR,1599864519062
plugin_google_activity_recognition,"[{""activity"":""unknown"",""confidence"":40},{""activity"":""in_vehicle"",""confidence"":10},{""activity"":""on_bicycle"",""confidence"":10},{""activity"":""on_foot"",""confidence"":10},{""activity"":""walking"",""confidence"":10},{""activity"":""running"",""confidence"":10},{""activity"":""still"",""confidence"":10}]",unknown,4,40,04bb5ab9-ce2f-4494-95df-be70c35f625d,168MR,1599864519118
plugin_google_activity_recognition,"[{""activity"":""tilting"",""confidence"":100}]",tilting,5,100,04bb5ab9-ce2f-4494-95df-be70c35f625d,168MR,1599864591784
plugin_google_activity_recognition,"[{""activity"":""still"",""confidence"":98},{""activity"":""unknown"",""confidence"":2}]",still,3,98,04bb5ab9-ce2f-4494-95df-be70c35f625d,168MR,1599864591824
plugin_google_activity_recognition,"[{""activity"":""still"",""confidence"":95},{""activity"":""in_vehicle"",""confidence"":2},{""activity"":""on_bicycle"",""confidence"":1},{""activity"":""on_foot"",""confidence"":1},{""activity"":""walking"",""confidence"":1},{""activity"":""unknown"",""confidence"":1}]",still,3,95,04bb5ab9-ce2f-4494-95df-be70c35f625d,168MR,1599864642667
plugin_google_activity_recognition,"[{""activity"":""still"",""confidence"":99},{""activity"":""unknown"",""confidence"":1}]",still,3,99,04bb5ab9-ce2f-4494-95df-be70c35f625d,168MR,1599864702993
plugin_google_activity_recognition,"[{""activity"":""still"",""confidence"":99},{""activity"":""unknown"",""confidence"":1}]",still,3,99,04bb5ab9-ce2f-4494-95df-be70c35f625d,168MR,1599864767808
plugin_google_activity_recognition,"[{""activity"":""still"",""confidence"":97},{""activity"":""in_vehicle"",""confidence"":1},{""activity"":""on_foot"",""confidence"":1},{""activity"":""walking"",""confidence"":1},{""activity"":""unknown"",""confidence"":1}]",still,3,97,04bb5ab9-ce2f-4494-95df-be70c35f625d,168MR,1599864828056
plugin_google_activity_recognition,"[{""activity"":""still"",""confidence"":98},{""activity"":""unknown"",""confidence"":2}]",still,3,98,04bb5ab9-ce2f-4494-95df-be70c35f625d,168MR,1599864888422
plugin_google_activity_recognition,"[{""activity"":""still"",""confidence"":96},{""activity"":""in_vehicle"",""confidence"":1},{""activity"":""on_foot"",""confidence"":1},{""activity"":""walking"",""confidence"":1},{""activity"":""unknown"",""confidence"":1}]",still,3,96,04bb5ab9-ce2f-4494-95df-be70c35f625d,168MR,1599864926433
plugin_google_activity_recognition,"[{""activity"":""still"",""confidence"":98},{""activity"":""in_vehicle"",""confidence"":1},{""activity"":""unknown"",""confidence"":1}]",still,3,98,04bb5ab9-ce2f-4494-95df-be70c35f625d,168MR,1599864986784
plugin_google_activity_recognition,"[{""activity"":""tilting"",""confidence"":100}]",tilting,5,100,04bb5ab9-ce2f-4494-95df-be70c35f625d,168MR,1599865047281
plugin_google_activity_recognition,"[{""activity"":""still"",""confidence"":99},{""activity"":""unknown"",""confidence"":1}]",still,3,99,04bb5ab9-ce2f-4494-95df-be70c35f625d,168MR,1599865047334
plugin_google_activity_recognition,"[{""activity"":""tilting"",""confidence"":100}]",tilting,5,100,04bb5ab9-ce2f-4494-95df-be70c35f625d,168MR,1599865108683
plugin_google_activity_recognition,"[{""activity"":""still"",""confidence"":59},{""activity"":""on_foot"",""confidence"":15},{""activity"":""walking"",""confidence"":15},{""activity"":""in_vehicle"",""confidence"":13},{""activity"":""on_bicycle"",""confidence"":2},{""activity"":""unknown"",""confidence"":1}]",still,3,59,04bb5ab9-ce2f-4494-95df-be70c35f625d,168MR,1599865108714
plugin_google_activity_recognition,"[{""activity"":""still"",""confidence"":99},{""activity"":""unknown"",""confidence"":1}]",still,3,99,04bb5ab9-ce2f-4494-95df-be70c35f625d,168MR,1599865169362
plugin_google_activity_recognition,"[{""activity"":""tilting"",""confidence"":100}]",tilting,5,100,04bb5ab9-ce2f-4494-95df-be70c35f625d,168MR,1599865401235
plugin_google_activity_recognition,"[{""activity"":""still"",""confidence"":100}]",still,3,100,04bb5ab9-ce2f-4494-95df-be70c35f625d,168MR,1599865401362
plugin_google_activity_recognition,"[{""activity"":""unknown"",""confidence"":40},{""activity"":""in_vehicle"",""confidence"":10},{""activity"":""on_bicycle"",""confidence"":10},{""activity"":""on_foot"",""confidence"":10},{""activity"":""walking"",""confidence"":10},{""activity"":""running"",""confidence"":10},{""activity"":""still"",""confidence"":10}]",unknown,4,40,04bb5ab9-ce2f-4494-95df-be70c35f625d,168MR,1599865909705
plugin_google_activity_recognition,"[{""activity"":""still"",""confidence"":48},{""activity"":""on_foot"",""confidence"":34},{""activity"":""walking"",""confidence"":34},{""activity"":""in_vehicle"",""confidence"":7},{""activity"":""on_bicycle"",""confidence"":4},{""activity"":""unknown"",""confidence"":2}]",still,3,48,04bb5ab9-ce2f-4494-95df-be70c35f625d,168MR,1599865970184
plugin_google_activity_recognition,"[{""activity"":""still"",""confidence"":37},{""activity"":""on_foot"",""confidence"":35},{""activity"":""walking"",""confidence"":35},{""activity"":""in_vehicle"",""confidence"":11},{""activity"":""on_bicycle"",""confidence"":8},{""activity"":""unknown"",""confidence"":2}]",still,3,37,04bb5ab9-ce2f-4494-95df-be70c35f625d,168MR,1599866030408
plugin_google_activity_recognition,"[{""activity"":""unknown"",""confidence"":40},{""activity"":""in_vehicle"",""confidence"":10},{""activity"":""on_bicycle"",""confidence"":10},{""activity"":""on_foot"",""confidence"":10},{""activity"":""walking"",""confidence"":10},{""activity"":""running"",""confidence"":10},{""activity"":""still"",""confidence"":10}]",unknown,4,40,04bb5ab9-ce2f-4494-95df-be70c35f625d,168MR,1599866090720
plugin_google_activity_recognition,"[{""activity"":""still"",""confidence"":36},{""activity"":""on_foot"",""confidence"":31},{""activity"":""walking"",""confidence"":31},{""activity"":""in_vehicle"",""confidence"":19},{""activity"":""on_bicycle"",""confidence"":3},{""activity"":""unknown"",""confidence"":2}]",still,3,36,04bb5ab9-ce2f-4494-95df-be70c35f625d,168MR,1599866151082
plugin_google_activity_recognition,"[{""activity"":""still"",""confidence"":82},{""activity"":""in_vehicle"",""confidence"":8},{""activity"":""on_foot"",""confidence"":5},{""activity"":""walking"",""confidence"":5},{""activity"":""on_bicycle"",""confidence"":1},{""activity"":""unknown"",""confidence"":1}]",still,3,82,04bb5ab9-ce2f-4494-95df-be70c35f625d,168MR,1599866213968
plugin_google_activity_recognition,"[{""activity"":""still"",""confidence"":99},{""activity"":""unknown"",""confidence"":1}]",still,3,99,04bb5ab9-ce2f-4494-95df-be70c35f625d,168MR,1599866274232
plugin_google_activity_recognition,"[{""activity"":""still"",""confidence"":96},{""activity"":""in_vehicle"",""confidence"":1},{""activity"":""on_foot"",""confidence"":1},{""activity"":""walking"",""confidence"":1},{""activity"":""unknown"",""confidence"":1}]",still,3,96,04bb5ab9-ce2f-4494-95df-be70c35f625d,168MR,1599866335983
plugin_google_activity_recognition,"[{""activity"":""still"",""confidence"":99},{""activity"":""unknown"",""confidence"":1}]",still,3,99,04bb5ab9-ce2f-4494-95df-be70c35f625d,168MR,1599866400207
plugin_google_activity_recognition,"[{""activity"":""still"",""confidence"":97},{""activity"":""in_vehicle"",""confidence"":1},{""activity"":""on_foot"",""confidence"":1},{""activity"":""walking"",""confidence"":1},{""activity"":""unknown"",""confidence"":1}]",still,3,97,04bb5ab9-ce2f-4494-95df-be70c35f625d,168MR,1599866460552
plugin_google_activity_recognition,"[{""activity"":""still"",""confidence"":99},{""activity"":""unknown"",""confidence"":1}]",still,3,99,04bb5ab9-ce2f-4494-95df-be70c35f625d,168MR,1599866520867
plugin_google_activity_recognition,"[{""activity"":""still"",""confidence"":97},{""activity"":""in_vehicle"",""confidence"":1},{""activity"":""on_foot"",""confidence"":1},{""activity"":""walking"",""confidence"":1}]",still,3,97,04bb5ab9-ce2f-4494-95df-be70c35f625d,168MR,1599866581160
plugin_google_activity_recognition,"[{""activity"":""still"",""confidence"":99},{""activity"":""unknown"",""confidence"":1}]",still,3,99,04bb5ab9-ce2f-4494-95df-be70c35f625d,168MR,1599866641956
plugin_google_activity_recognition,"[{""activity"":""still"",""confidence"":99},{""activity"":""unknown"",""confidence"":1}]",still,3,99,04bb5ab9-ce2f-4494-95df-be70c35f625d,168MR,1599866704935
